{"cameraMode":{"drawMode":0,"name":"Shaded","section":"Shading Mode"},"sceneLighting":true,"audioPlay":false,"sceneViewState":{"showFog":true,"showMaterialUpdate":false,"showSkybox":true,"showFlares":true,"showImageEffects":true,"showParticleSystems":true},"in2DMode":false,"pivot":{"x":475.7380065917969,"y":306.2136535644531,"z":442.70989990234377},"rotation":{"x":-0.0006022913148626685,"y":-0.0015000483253970743,"z":5.821904736080796e-8,"w":1.0000009536743165},"size":496.77374267578127,"orthographic":false}