{"cameraMode":{"drawMode":0,"name":"Shaded","section":"Shading Mode"},"sceneLighting":false,"audioPlay":false,"sceneViewState":{"showFog":true,"showMaterialUpdate":false,"showSkybox":false,"showFlares":true,"showImageEffects":true,"showParticleSystems":true},"in2DMode":false,"pivot":{"x":-0.03237779438495636,"y":1.4790494441986085,"z":-1.5261924266815186},"rotation":{"x":-0.026718957349658014,"y":0.9533270001411438,"z":-0.28740447759628298,"w":-0.08862698078155518},"size":0.43894660472869875,"orthographic":false}