{"cameraMode":{"drawMode":0,"name":"Shaded","section":"Shading Mode"},"sceneLighting":false,"audioPlay":false,"sceneViewState":{"showFog":true,"showMaterialUpdate":false,"showSkybox":false,"showFlares":true,"showImageEffects":true,"showParticleSystems":true},"in2DMode":false,"pivot":{"x":-0.22097647190093995,"y":0.1422410011291504,"z":0.1325531303882599},"rotation":{"x":-0.31834647059440615,"y":0.6483319997787476,"z":-0.34398967027664187,"w":-0.5999981164932251},"size":0.7842193245887756,"orthographic":false}