{"cameraMode":{"drawMode":0,"name":"Shaded","section":"Shading Mode"},"sceneLighting":false,"audioPlay":false,"sceneViewState":{"showFog":true,"showMaterialUpdate":false,"showSkybox":false,"showFlares":true,"showImageEffects":true,"showParticleSystems":true},"in2DMode":false,"pivot":{"x":477.0230407714844,"y":199.78648376464845,"z":-5.125},"rotation":{"x":-0.31834647059440615,"y":0.6483319997787476,"z":-0.34398967027664187,"w":-0.5999981164932251},"size":1.2247449159622193,"orthographic":false}