{"cameraMode":{"drawMode":0,"name":"Shaded","section":"Shading Mode"},"sceneLighting":false,"audioPlay":false,"sceneViewState":{"showFog":true,"showMaterialUpdate":false,"showSkybox":false,"showFlares":true,"showImageEffects":true,"showParticleSystems":true},"in2DMode":false,"pivot":{"x":-5.187862396240234,"y":11.162261962890625,"z":2.64268159866333},"rotation":{"x":-0.31834647059440615,"y":0.6483319997787476,"z":-0.34398967027664187,"w":-0.5999981164932251},"size":13.276938438415528,"orthographic":false}